,train_loss,train_acc,train_precision,train_recall,train_auc,train_fn,train_fp,train_tn,train_tp,val_loss,val_acc,val_precision,val_recall,val_auc,val_fn,val_fp,val_tn,val_tp
models,,,,,,,,,,,,,,,,,,
model_1,0.046417989,0.983007431,0.981007755,0.985085964,0.998207211,1044,1335,68666,68957,0.728148758,0.859972596,0.848665535,0.877444804,0.918685913,2425,3096,16545,17362
efficientnetv2-b0_retrain,0.003119112,0.977746248,0.994270265,0.96343106,0.993228495,86257,89180,3385,608,0.119600914,0.965126276,0.991853774,0.949819207,0.982412755,18614,19439,1027,348
cnn_reid,0.052527763,0.978278935,0.998641014,0.963814735,0.99387157,67389,69572,2612,429,0.367717296,0.902252197,0.965261459,0.853516817,0.972052395,16340,19234,3301,553
cnn_baseline,0.202,0.9176,0.91,0.927,0.9747,5112.0,6418.0,63583.0,64889.0,0.4216,0.8216,0.7723,0.9139,0.9169,1704.0,5331.0,14310.0,18083.0
