,train_loss,train_acc,train_precision,train_recall,train_auc,train_fn,train_fp,train_tn,train_tp,val_loss,val_acc,val_precision,val_recall,val_auc,val_fn,val_fp,val_tn,val_tp
models,,,,,,,,,,,,,,,,,,
model_1,0.04641798883676529,0.9830074310302734,0.9810077548027039,0.9850859642028809,0.9982072114944458,1044.0,1335.0,68666.0,68957.0,0.7281487584114075,0.8599725961685181,0.8486655354499817,0.8774448037147522,0.9186859130859375,2425.0,3096.0,16545.0,17362.0
model_2,0.02705742046236992,0.9906935095787048,0.9902378916740417,0.9911574125289917,0.9991716742515564,619.0,684.0,69324.0,69383.0,0.45739367604255676,0.9101001620292664,0.8763488531112671,0.9557070732116699,0.9578093886375427,877.0,2670.0,16985.0,18923.0
model_3,0.03715172037482262,0.9869294762611389,0.9863453507423401,0.987528920173645,0.9987170100212097,873.0,957.0,69051.0,69129.0,0.4872954785823822,0.7928779721260071,0.8406374454498291,0.7246465086936951,0.8861846923828125,5452.0,2720.0,16935.0,14348.0
model_4,0.036311160773038864,0.9867938160896301,0.9863000512123108,0.9873003363609314,0.998825192451477,889.0,960.0,69048.0,69113.0,0.26011666655540466,0.9181346297264099,0.9141671657562256,0.9235858917236328,0.9699560403823853,1513.0,1717.0,17938.0,18287.0
model_5,0.09276613593101501,0.9742946624755859,0.9730165004730225,0.975643515586853,0.9967333078384399,1705.0,1894.0,68114.0,68297.0,0.4187655448913574,0.8783931136131287,0.8278409242630005,0.9566161632537842,0.9577636122703552,859.0,3939.0,15716.0,18941.0
model_6,0.13548427820205688,0.9464752674102783,0.9437471628189087,0.9495443105697632,0.9884348511695862,3532.0,3962.0,66046.0,66470.0,0.2863996624946594,0.891167163848877,0.8874562978744507,0.8968687057495117,0.9564414024353027,2042.0,2252.0,17403.0,17758.0
model_7,0.466923326253891,0.7735375761985779,0.7646254301071167,0.7903488278388977,0.8573545217514038,14676.0,17031.0,52977.0,55326.0,0.4741072356700897,0.7795209884643555,0.8223474025726318,0.7151515483856201,0.865755558013916,5640.0,3059.0,16596.0,14160.0
