,train_loss,train_acc,train_precision,train_recall,train_auc,train_fn,train_fp,train_tn,train_tp,val_loss,val_acc,val_precision,val_recall,val_auc,val_fn,val_fp,val_tn,val_tp
models,,,,,,,,,,,,,,,,,,
model_1,0.04641798883676529,0.9830074310302734,0.9810077548027039,0.9850859642028809,0.9982072114944458,1044.0,1335.0,68666.0,68957.0,0.7281487584114075,0.8599725961685181,0.8486655354499817,0.8774448037147522,0.9186859130859375,2425.0,3096.0,16545.0,17362.0
