,train_loss,train_acc,train_precision,train_recall,train_auc,train_fn,train_fp,train_tn,train_tp,val_loss,val_acc,val_precision,val_recall,val_auc,val_fn,val_fp,val_tn,val_tp
models,,,,,,,,,,,,,,,,,,
model_1,0.04641798883676530,0.9830074310302730,0.9810077548027040,0.9850859642028810,0.9982072114944460,1044.0,1335.0,68666.0,68957.0,0.7281487584114080,0.8599725961685180,0.8486655354499820,0.8774448037147520,0.9186859130859380,2425.0,3096.0,16545.0,17362.0
efficientnetv2-b0_retrain,0.0031191117595881200,0.9777462482452390,0.9942702651023870,0.9634310603141790,0.9932284951210020,86257.0,89180.0,3385.0,608.0,0.11960091441869700,0.9651262760162350,0.9918537735939030,0.9498192071914670,0.9824127554893490,18614.0,19439.0,1027.0,348.0
cnn_reid,0.052527762949466700,0.9782789349555970,0.9986410140991210,0.9638147354125980,0.9938715696334840,67389.0,69572.0,2612.0,429.0,0.36771729588508600,0.902252197265625,0.9652614593505860,0.8535168170928960,0.9720523953437810,16340.0,19234.0,3301.0,553.0